variation_id,community,sequence_mean_time,score,total_time,sequence_title,sequence_type
3,2,14.465676820588232,11.057586383513895,491.8330118999999,Actions (including ) in EN.WIKIPEDIA.ORG Training CRM Application アプリケーショ หนึ่งปีปฏิทิน ÜüẞÜüẞ जाल में झूलती मकड़ी को देख आप,Other
4,2,13.80315069090909,3.4136074679847144,151.83465759999999,Actions (including ) in EN.WIKIPEDIA.ORG BRITANNICA.COM,Other
5,2,21.838088600000006,2.4548631883460006,109.19044300000003,Actions (including ) in EN.WIKIPEDIA.ORG,Other
6,2,22.0637655,1.4881391878476526,66.19129649999999,Actions (including ) in EN.WIKIPEDIA.ORG,Other
7,2,20.152733800000004,0.45308181733593866,20.152733800000004,Actions (including ) in EN.WIKIPEDIA.ORG BRITANNICA.COM NICEONLINE.SHAREPOINT.COM,Other
8,2,5.455766000000001,0.12265871215148111,5.455766000000001,Actions (including ) in EN.WIKIPEDIA.ORG BRITANNICA.COM NICEONLINE.SHAREPOINT.COM,Other
9,2,14.4476942,0.3248188364622719,14.4476942,Actions (including ) in wab EN.WIKIPEDIA.ORG,Other
10,2,30.7370247,0.6910420764142495,30.7370247,Actions (including ) in SPTH.GOB.ES EN.WIKIPEDIA.ORG NICEONLINE.SHAREPOINT.COM,Other
11,2,45.74205630000001,1.028391195098643,45.74205630000001,Actions (including ) in RTClient SPTH.GOB.ES EN.WIKIPEDIA.ORG,Other
12,2,24.7235907,0.5558456493592899,24.7235907,Actions (including ) in EN.WIKIPEDIA.ORG BRITANNICA.COM,Other
13,2,26.4078473,0.5937117795211465,26.4078473,Actions (including ) in EN.WIKIPEDIA.ORG HELP.NICE-AUTOMATION.COM BRITANNICA.COM NICEONLINE.SHAREPOINT.COM,Other
14,2,31.583694099999995,0.7100772363206801,31.583694099999995,Actions (including ) in HELP.NICE-AUTOMATION.COM NICEONLINE.SHAREPOINT.COM GOOGLE.COM EN.WIKIPEDIA.ORG Training CRM Application アプリケーショ หนึ่งปีปฏิทิน ÜüẞÜüẞ जाल में झूलती मकड़ी को देख आप VOLLEYBALL.COM,Other
15,2,6.5324057,0.1468641562730136,6.5324057,Actions (including ) in EN.WIKIPEDIA.ORG BRITANNICA.COM,Other
16,2,46.358769,1.042256376550608,46.358769,Actions (including ) in EN.WIKIPEDIA.ORG SPTH.GOB.ES,Other
17,2,15.513045299999998,0.3487704857659927,15.513045299999998,Actions (including ) in EN.WIKIPEDIA.ORG NICEONLINE.SHAREPOINT.COM,Other
18,2,33.2270494,0.7470238071056644,33.2270494,Actions (including ) in EN.WIKIPEDIA.ORG HELP.NICE-AUTOMATION.COM,Other
19,2,25.865372999999998,0.581515655454741,25.865372999999998,Actions (including ) in EN.WIKIPEDIA.ORG BRITANNICA.COM,Other
20,2,12.430719600000002,0.27947240722057626,12.430719600000002,Actions (including ) in EN.WIKIPEDIA.ORG BRITANNICA.COM,Other
21,2,38.930023799999994,0.8752403573273685,38.930023799999994,Actions (including ) in EN.WIKIPEDIA.ORG Training CRM Application アプリケーショ หนึ่งปีปฏิทิน ÜüẞÜüẞ जाल में झूलती मकड़ी को देख आप BRITANNICA.COM,Other
22,2,48.048743300000005,1.0802510543295125,48.048743300000005,Actions (including ) in SPTH.GOB.ES EN.WIKIPEDIA.ORG MAIL.GOOGLE.COM,Other
23,3,9.222845073026315,31.51745684337746,1401.8724511,Actions (including ) in HELP.NICE-AUTOMATION.COM,Other
24,3,6.063542,0.1363229751416054,6.063542,Actions (including ) in RTClient HELP.NICE-AUTOMATION.COM,Other
25,3,17.037278600000004,0.38303890812802266,17.037278600000004,Actions (including ) in VOLLEYBALL.COM HELP.NICE-AUTOMATION.COM,Other
26,3,22.9265876,0.5154447073140813,22.9265876,Actions (including ) in GOOGLE.COM HELP.NICE-AUTOMATION.COM EN.WIKIPEDIA.ORG,Other
27,3,12.9825628,0.29187916664199426,12.9825628,Actions (including ) in SPTH.GOB.ES HELP.NICE-AUTOMATION.COM,Other
28,3,8.795941299999999,0.1977538684793344,8.795941299999999,Actions (including ) in EN.WIKIPEDIA.ORG HELP.NICE-AUTOMATION.COM,Other
29,3,8.315650900000001,0.18695578771070917,8.315650900000001,Actions (including ) in EN.WIKIPEDIA.ORG HELP.NICE-AUTOMATION.COM RTClient,Other
30,3,25.952812199999997,0.5834814985029135,25.952812199999997,Actions (including ) in SPTH.GOB.ES HELP.NICE-AUTOMATION.COM MAIL.YAHOO.COM NICE.COM घर की छत पर कोनों से लटकते ÄäÖöÄäÖö ในหนึ่งสัป ンのトレーニング,Other
31,3,6.9425345,0.1560848359033776,6.9425345,Actions (including ) in RTClient HELP.NICE-AUTOMATION.COM NICE.COM घर की छत पर कोनों से लटकते ÄäÖöÄäÖö ในหนึ่งสัป ンのトレーニング,Other
32,3,8.907285,0.20025714205231773,8.907285,Actions (including ) in EN.WIKIPEDIA.ORG HELP.NICE-AUTOMATION.COM RTClient,Other
33,3,25.6779166,0.5773011857343475,25.6779166,Actions (including ) in HELP.NICE-AUTOMATION.COM NICE.COM घर की छत पर कोनों से लटकते ÄäÖöÄäÖö ในหนึ่งสัป ンのトレーニング RTClient MAIL.YAHOO.COM SPTH.GOB.ES,Other
34,4,5.725671421621621,4.329902589265605,211.8498426,Copied text and other actions () in SPTH.GOB.ES wab,Copy Paste
35,4,4.710825625,0.7702593807361653,37.686605,Copied text and other actions in SPTH.GOB.ES Notepad メモ帳 जाल में झूलती मकड़ी को देख आप ÜüẞÄäÖö ดาห์มีเจ็ดวัน,Copy Paste
36,4,4.0197233,0.17526889912784577,8.0394466,Copied text and other actions () in SPTH.GOB.ES LOGIN.MICROSOFTONLINE.COM EN.WIKIPEDIA.ORG,Other
37,4,26.104665899999997,0.5655538783046654,26.104665899999997,Copied text and other actions () in SPTH.GOB.ES ACCOUNTS.GOOGLE.COM NICEONLINE.SHAREPOINT.COM,Copy Paste
38,4,3.7631336,0.08075862509190279,3.7631336,Copied text and other actions () in EN.WIKIPEDIA.ORG wab SPTH.GOB.ES GREYSANATOMY.FANDOM.COM,Copy Paste
39,4,5.709003300000001,0.124462636956658,5.709003300000001,Copied text and other actions () in SPTH.GOB.ES LOGIN.MICROSOFTONLINE.COM,Other
40,4,4.976032399999999,0.1084830541411261,4.976032399999999,Copied text and other actions () in SPTH.GOB.ES LOGIN.MICROSOFTONLINE.COM GOOGLE.COM,Other
41,4,6.5176932,0.14209297839195129,6.5176932,Copied text and other actions () in SPTH.GOB.ES MAGGI.PH EN.WIKIPEDIA.ORG,Other
64,5,16.134330170000002,3.627384605716203,161.3433017,Actions (including  Return) in EN.WIKIPEDIA.ORG ACCOUNTS.GOOGLE.COM LOGIN.YAHOO.COM,Other
65,5,16.84050728,3.7861501665255473,168.4050728,Actions (including  Return) in EN.WIKIPEDIA.ORG ACCOUNTS.GOOGLE.COM LOGIN.YAHOO.COM,Other
66,5,24.82006605,1.1160292934879168,49.6401321,Actions (including  Return) in EN.WIKIPEDIA.ORG ACCOUNTS.GOOGLE.COM GOOGLE.COM,Other
67,5,53.08193440000001,1.1934092686551079,53.08193440000001,Actions (including  Return) in NICE.COM घर की छत पर कोनों से लटकते ÄäÖöÄäÖö ในหนึ่งสัป ンのトレーニング EN.WIKIPEDIA.ORG ACCOUNTS.GOOGLE.COM GOOGLE.COM LOGIN.YAHOO.COM,Other
68,5,46.930442,1.055108957462578,46.930442,Actions (including  Return) in EN.WIKIPEDIA.ORG ACCOUNTS.GOOGLE.COM GOOGLE.COM LOGIN.YAHOO.COM,Other
69,5,35.5175742,0.7985203012953033,35.5175742,Actions (including  Return) in EN.WIKIPEDIA.ORG ACCOUNTS.GOOGLE.COM GOOGLE.COM LOGIN.YAHOO.COM,Other
70,5,28.814211799999995,0.647812628153042,28.814211799999995,Actions (including  Return) in EN.WIKIPEDIA.ORG ACCOUNTS.GOOGLE.COM GOOGLE.COM LOGIN.YAHOO.COM,Other
71,5,41.4188697,0.9311955857659588,41.4188697,Actions (including  Return) in NICE.COM घर की छत पर कोनों से लटकते ÄäÖöÄäÖö ในหนึ่งสัป ンのトレーニング EN.WIKIPEDIA.ORG ACCOUNTS.GOOGLE.COM GOOGLE.COM LOGIN.YAHOO.COM,Other
72,5,24.620193399999998,0.5535210299276755,24.620193399999998,Actions (including  Return) in GOOGLE.COM ACCOUNTS.GOOGLE.COM LOGIN.YAHOO.COM,Other
73,5,17.2683934,0.3882349234496377,17.2683934,Actions (including  Return) in GOOGLE.COM ACCOUNTS.GOOGLE.COM MASHED.COM SPTH.GOB.ES,Other
89,6,10.932592633333332,3.6868637682080827,163.98888949999997,Actions (including  Return) in EN.WIKIPEDIA.ORG NICEONLINE.SHAREPOINT.COM,Other
90,6,19.191821150000003,1.7259127800573246,76.76728460000001,Actions (including  Return) in NICEONLINE.SHAREPOINT.COM,Other
91,6,53.21273443333333,3.5890499018752484,159.6382033,Actions (including  Return) in MASTERCLASS.COM NICEONLINE.SHAREPOINT.COM,Other
92,6,43.69411325,1.9646970415688527,87.3882265,Actions (including  Return) in EN.WIKIPEDIA.ORG NICEONLINE.SHAREPOINT.COM,Other
93,6,11.6662255,0.262284745258277,11.6662255,Actions (including  Return) in BUSINESSINSIDER.COM NICEONLINE.SHAREPOINT.COM,Other
94,6,17.624329000000003,0.39623720989389954,17.624329000000003,Actions (including ) in EN.WIKIPEDIA.ORG HELP.NICE-AUTOMATION.COM NICEONLINE.SHAREPOINT.COM,Other
95,6,23.1532048,0.5205396057945834,23.1532048,Actions (including ) in SPTH.GOB.ES EN.WIKIPEDIA.ORG NICEONLINE.SHAREPOINT.COM,Other
96,6,10.9212547,0.24553601393100624,10.9212547,Actions (including  Return) in MASTERCLASS.COM NICEONLINE.SHAREPOINT.COM,Other
97,6,71.0313688,1.5969556281125132,71.0313688,Actions (including ) in NICEONLINE.SHAREPOINT.COM EN.WIKIPEDIA.ORG GOOGLE.COM MASTERCLASS.COM KNORR.COM,Other
98,6,61.99651070000001,1.3515930537005758,61.99651070000001,Copied text and other actions () in SPTH.GOB.ES EN.WIKIPEDIA.ORG NICEONLINE.SHAREPOINT.COM,Other
99,6,15.615850499999999,0.3510817933687152,15.615850499999999,Actions (including  Return) in GOOGLE.COM SPTH.GOB.ES NICEONLINE.SHAREPOINT.COM,Other
100,6,52.6231716,1.1615843585408683,52.6231716,Copied text and other actions ( Return) in SPTH.GOB.ES NICEONLINE.SHAREPOINT.COM,Other
101,6,34.509441499999994,0.7758550589334064,34.509441499999994,Actions (including ) in SPTH.GOB.ES MASTERCLASS.COM NICEONLINE.SHAREPOINT.COM,Other
102,6,43.5281735,0.9786177969906019,43.5281735,Actions (including  Return) in EN.WIKIPEDIA.ORG SAFARISAFRICANA.COM NICEONLINE.SHAREPOINT.COM,Other
103,6,42.0471845,0.9453216102680573,42.0471845,Actions (including ) in GOOGLE.COM HELP.NICE-AUTOMATION.COM NICE.COM घर की छत पर कोनों से लटकते ÄäÖöÄäÖö ในหนึ่งสัป ンのトレーニング NICEONLINE.SHAREPOINT.COM,Other
104,6,12.7021864,0.2855756323368814,12.7021864,Actions (including ) in SPTH.GOB.ES HELP.NICE-AUTOMATION.COM GOOGLE.COM NICEONLINE.SHAREPOINT.COM,Other
105,6,18.350749600000004,0.412568888209338,18.350749600000004,Actions (including  Return) in GOOGLE.COM ZMESCIENCE.COM NICEONLINE.SHAREPOINT.COM,Other
106,6,20.510971500000004,0.46113586051266364,20.510971500000004,Actions (including  Return) in EN.WIKIPEDIA.ORG HELP.NICE-AUTOMATION.COM NICEONLINE.SHAREPOINT.COM,Other
107,7,9.097518700000002,1.8408064692738197,81.87766830000001,Actions (including  Return) in RTClient NICE.COM घर की छत पर कोनों से लटकते ÄäÖöÄäÖö ในหนึ่งสัป ンのトレーニング LOGIN.YAHOO.COM,Other
108,7,7.899574249999999,1.4208110891119627,63.19659399999999,Actions (including  Return) in RTClient NICE.COM घर की छत पर कोनों से लटकते ÄäÖöÄäÖö ในหนึ่งสัป ンのトレーニング LOGIN.YAHOO.COM,Other
109,7,7.03208612,0.7904908561121441,35.1604306,Actions (including ) in RTClient HELP.NICE-AUTOMATION.COM,Other
110,7,4.437224725,0.39903784018244914,17.7488989,Actions (including ) in RTClient SPTH.GOB.ES,Other
111,7,10.943167733333334,0.7380860145183881,32.829503200000005,Actions (including  Return) in EN.WIKIPEDIA.ORG LOGIN.YAHOO.COM RTClient,Other
112,7,15.481154000000004,0.696106985621726,30.962308000000007,Actions (including  Return) in RTClient NICEONLINE.SHAREPOINT.COM LOGIN.YAHOO.COM,Other
113,7,7.57892045,0.3407846384524276,15.1578409,Actions (including ) in RTClient EN.WIKIPEDIA.ORG,Other
114,7,28.08999199999999,0.6315304291029722,28.08999199999999,Actions (including  Return) in HELP.NICE-AUTOMATION.COM NICE.COM घर की छत पर कोनों से लटकते ÄäÖöÄäÖö ในหนึ่งสัป ンのトレーニング EN.WIKIPEDIA.ORG LOGIN.YAHOO.COM MAIL.YAHOO.COM RTClient,Other
115,7,13.0463116,0.29331239264714226,13.0463116,Actions (including  Return) in NICEONLINE.SHAREPOINT.COM EN.WIKIPEDIA.ORG GOOGLE.COM LOGIN.YAHOO.COM RTClient,Other
116,7,11.193258,0.25165130085477694,11.193258,Actions (including  Return) in RTClient LOGIN.YAHOO.COM MAIL.GOOGLE.COM,Other
117,7,26.591037199999995,0.597830328083009,26.591037199999995,Actions (including  Return) in HELP.NICE-AUTOMATION.COM NICE.COM घर की छत पर कोनों से लटकते ÄäÖöÄäÖö ในหนึ่งสัป ンのトレーニング NICEONLINE.SHAREPOINT.COM EN.WIKIPEDIA.ORG LOGIN.YAHOO.COM MAIL.YAHOO.COM RTClient,Other
118,7,9.9925446,0.2246563822114506,9.9925446,Actions (including ) in RTClient NICE.COM घर की छत पर कोनों से लटकते ÄäÖöÄäÖö ในหนึ่งสัป ンのトレーニング EN.WIKIPEDIA.ORG,Other
119,7,10.601004099999997,0.2383360119218036,10.601004099999997,Actions (including  Return) in EN.WIKIPEDIA.ORG LOGIN.YAHOO.COM RTClient,Other
120,7,15.048175,0.33831908584974396,15.048175,Actions (including  Return) in GOOGLE.COM EN.WIKIPEDIA.ORG RTClient,Other
121,7,18.4121774,0.41394993256466744,18.4121774,Actions (including  Return) in NICE.COM घर की छत पर कोनों से लटकते ÄäÖöÄäÖö ในหนึ่งสัป ンのトレーニング NICEONLINE.SHAREPOINT.COM EN.WIKIPEDIA.ORG RTClient LOGIN.YAHOO.COM SPTH.GOB.ES,Other
122,7,7.640463499999999,0.17177595467811446,7.640463499999999,Actions (including ) in EN.WIKIPEDIA.ORG RTClient,Other
123,7,7.307011300000001,0.1642791490203795,7.307011300000001,Actions (including  Return) in RTClient MAIL.YAHOO.COM LOGIN.YAHOO.COM,Other
124,7,7.6392158,0.17174790338794704,7.6392158,Actions (including  Return) in RTClient EN.WIKIPEDIA.ORG LOGIN.YAHOO.COM,Other
125,7,35.6653716,0.8018431415240334,35.6653716,Actions (including  Return) in HELP.NICE-AUTOMATION.COM NICE.COM घर की छत पर कोनों से लटकते ÄäÖöÄäÖö ในหนึ่งสัป ンのトレーニング LOGIN.YAHOO.COM MAIL.YAHOO.COM RTClient,Other
126,7,27.1728505,0.6109108872731582,27.1728505,Actions (including  Return) in HELP.NICE-AUTOMATION.COM NICEONLINE.SHAREPOINT.COM EN.WIKIPEDIA.ORG LOGIN.YAHOO.COM MAIL.YAHOO.COM RTClient MAIL.GOOGLE.COM,Other
127,7,19.146729999999998,0.4304644377548685,19.146729999999998,Actions (including  Return) in EN.WIKIPEDIA.ORG LOGIN.YAHOO.COM MAIL.YAHOO.COM RTClient,Other
128,7,7.982407799999999,0.17946368312276173,7.982407799999999,Actions (including ) in RTClient NICEONLINE.SHAREPOINT.COM,Other
129,7,11.0543939,0.2485293026477288,11.0543939,Actions (including ) in EN.WIKIPEDIA.ORG HEALTHYOPTIONS.COM.PH RTClient,Other
130,7,7.462210899999999,0.16776840846853486,7.462210899999999,Actions (including  Return) in RTClient HELP.NICE-AUTOMATION.COM LOGIN.YAHOO.COM,Other
131,7,9.8890988,0.22233067238344847,9.8890988,Actions (including ) in RTClient MAIL.YAHOO.COM EN.WIKIPEDIA.ORG,Other
132,7,13.3129443,0.29930693559481863,13.3129443,Actions (including  Return) in EN.WIKIPEDIA.ORG MAIL.YAHOO.COM RTClient LOGIN.YAHOO.COM,Other
133,7,12.856243100000002,0.2890391966503632,12.856243100000002,Actions (including ) in SPTH.GOB.ES NICE.COM घर की छत पर कोनों से लटकते ÄäÖöÄäÖö ในหนึ่งสัป ンのトレーニング EN.WIKIPEDIA.ORG RTClient,Other
134,7,7.4420631,0.16731543757486286,7.4420631,Actions (including  Return) in RTClient LOGIN.YAHOO.COM NICEONLINE.SHAREPOINT.COM,Other
135,7,7.162012900000001,0.1610192370285482,7.162012900000001,Actions (including ) in RTClient,Other
136,7,14.5531723,0.32719023727128477,14.5531723,Actions (including  Return) in RTClient LOGIN.YAHOO.COM NICE.COM घर की छत पर कोनों से लटकते ÄäÖöÄäÖö ในหนึ่งสัป ンのトレーニング NICEONLINE.SHAREPOINT.COM,Other
137,7,10.7745084,0.2422368049526529,10.7745084,Actions (including  Return) in NICE.COM घर की छत पर कोनों से लटकते ÄäÖöÄäÖö ในหนึ่งสัป ンのトレーニング NICEONLINE.SHAREPOINT.COM GOOGLE.COM LOGIN.YAHOO.COM RTClient,Other
138,7,71.6062979,1.6098814139663076,71.6062979,Actions (including  Return) in NICE.COM घर की छत पर कोनों से लटकते ÄäÖöÄäÖö ในหนึ่งสัป ンのトレーニング NICEONLINE.SHAREPOINT.COM EN.WIKIPEDIA.ORG HEALTHYOPTIONS.COM.PH LOGIN.YAHOO.COM RTClient,Other
139,7,7.7574836,0.17440684734503556,7.7574836,Actions (including  Return) in RTClient EN.WIKIPEDIA.ORG LOGIN.YAHOO.COM,Other
140,7,13.4481425,0.30234651557262526,13.4481425,Actions (including ) in EN.WIKIPEDIA.ORG SPTH.GOB.ES NICE.COM घर की छत पर कोनों से लटकते ÄäÖöÄäÖö ในหนึ่งสัป ンのトレーニング RTClient,Other
141,7,13.7439358,0.30899665878643545,13.7439358,Actions (including ) in RTClient HEALTHYOPTIONS.COM.PH EN.WIKIPEDIA.ORG,Other
142,7,5.121176999999999,0.11513634850171095,5.121176999999999,Actions (including ) in SPTH.GOB.ES EN.WIKIPEDIA.ORG RTClient,Other
143,7,12.508572099999999,0.28122271824707057,12.508572099999999,Actions (including  Return) in EN.WIKIPEDIA.ORG LOGIN.YAHOO.COM RTClient,Other
144,7,27.5199758,0.6187150970309074,27.5199758,Actions (including  Return) in EN.WIKIPEDIA.ORG HELP.NICE-AUTOMATION.COM LOGIN.YAHOO.COM RTClient,Other
145,7,16.025084,0.3602823445065836,16.025084,Actions (including  Return) in NICE.COM घर की छत पर कोनों से लटकते ÄäÖöÄäÖö ในหนึ่งสัป ンのトレーニング NICEONLINE.SHAREPOINT.COM EN.WIKIPEDIA.ORG LOGIN.YAHOO.COM RTClient BRITANNICA.COM,Other
146,7,14.3604925,0.3228583329840398,14.3604925,Actions (including  Return) in EN.WIKIPEDIA.ORG LOGIN.YAHOO.COM RTClient,Other
147,7,29.059616899999998,0.6533299237117969,29.059616899999998,Actions (including  Return) in EN.WIKIPEDIA.ORG BRITANNICA.COM LOGIN.YAHOO.COM RTClient,Other
148,7,28.6127473,0.6432832227287182,28.6127473,Actions (including  Return) in EN.WIKIPEDIA.ORG BRITANNICA.COM LOGIN.YAHOO.COM RTClient,Other
149,7,2.4962109,0.05612081131274501,2.4962109,Actions (including ) in RTClient BRITANNICA.COM EN.WIKIPEDIA.ORG,Other
150,7,15.6948189,0.35285719250509007,15.6948189,Actions (including  Return) in RTClient EN.WIKIPEDIA.ORG LOGIN.YAHOO.COM,Other
151,7,6.218298900000001,0.13980228163139177,6.218298900000001,Actions (including ) in EN.WIKIPEDIA.ORG RTClient,Other
152,7,8.620292500000001,0.19380486194222252,8.620292500000001,Actions (including ) in RTClient GOOGLE.COM HELP.NICE-AUTOMATION.COM EN.WIKIPEDIA.ORG,Other
153,7,11.1285334,0.2501961365239534,11.1285334,Actions (including ) in RTClient EN.WIKIPEDIA.ORG,Other
154,7,10.4575131,0.23510998989935467,10.4575131,Actions (including ) in RTClient EN.WIKIPEDIA.ORG,Other
155,7,28.874198300000003,0.6491612686256127,28.874198300000003,Actions (including  Return) in HELP.NICE-AUTOMATION.COM EN.WIKIPEDIA.ORG SPTH.GOB.ES LOGIN.YAHOO.COM RTClient,Other
156,7,10.822973000000001,0.24332640546355028,10.822973000000001,Actions (including ) in SPTH.GOB.ES HELP.NICE-AUTOMATION.COM RTClient,Other
157,7,28.756355899999996,0.6465118886813775,28.756355899999996,Actions (including  Return) in RTClient HELP.NICE-AUTOMATION.COM NICE.COM घर की छत पर कोनों से लटकते ÄäÖöÄäÖö ในหนึ่งสัป ンのトレーニング LOGIN.YAHOO.COM,Other
158,7,20.303917600000002,0.4564807919631801,20.303917600000002,Actions (including  Return) in NICE.COM घर की छत पर कोनों से लटकते ÄäÖöÄäÖö ในหนึ่งสัป ンのトレーニング NICEONLINE.SHAREPOINT.COM EN.WIKIPEDIA.ORG ASIANWIKI.COM LOGIN.YAHOO.COM MAIL.YAHOO.COM RTClient,Other
159,7,20.3073923,0.45655891155758943,20.3073923,Actions (including  Return) in HELP.NICE-AUTOMATION.COM NICE.COM घर की छत पर कोनों से लटकते ÄäÖöÄäÖö ในหนึ่งสัป ンのトレーニング NICEONLINE.SHAREPOINT.COM EN.WIKIPEDIA.ORG LOGIN.YAHOO.COM RTClient MAIL.GOOGLE.COM,Other
160,7,10.221686199999999,0.2298080352618801,10.221686199999999,Actions (including ) in RTClient NICE.COM घर की छत पर कोनों से लटकते ÄäÖöÄäÖö ในหนึ่งสัป ンのトレーニング NICEONLINE.SHAREPOINT.COM,Other
161,7,9.095460500000002,0.2044877788663712,9.095460500000002,Actions (including  Return) in EN.WIKIPEDIA.ORG LOGIN.YAHOO.COM RTClient NICEONLINE.SHAREPOINT.COM,Other
162,7,6.152890299999999,0.13833173933913953,6.152890299999999,Actions (including ) in EN.WIKIPEDIA.ORG MAIL.YAHOO.COM RTClient,Other
163,7,7.7897833,0.175133022112223,7.7897833,Actions (including ) in HELP.NICE-AUTOMATION.COM SKYSCRAPERCENTER.COM GOOGLE.COM EN.WIKIPEDIA.ORG RTClient,Other
164,7,14.2921383,0.3213215665350857,14.2921383,Actions (including  Return) in NICE.COM घर की छत पर कोनों से लटकते ÄäÖöÄäÖö ในหนึ่งสัป ンのトレーニング NICEONLINE.SHAREPOINT.COM EN.WIKIPEDIA.ORG LOGIN.YAHOO.COM RTClient,Other
165,7,10.074494999999999,0.2264988238638782,10.074494999999999,Actions (including ) in EN.WIKIPEDIA.ORG RTClient,Other
166,7,20.896744599999998,0.46980896555944973,20.896744599999998,Actions (including  Return) in RTClient HEALTHYOPTIONS.COM.PH EN.WIKIPEDIA.ORG LOGIN.YAHOO.COM,Other
197,8,6.225178874999999,0.5598278399184319,24.900715499999997,Actions (including ) in RTClient MAIL.YAHOO.COM NICEONLINE.SHAREPOINT.COM,Other
198,8,11.0373937,0.2481470973555081,11.0373937,Actions (including ) in HELP.NICE-AUTOMATION.COM LARGEST.ORG NICEONLINE.SHAREPOINT.COM THETRENDSPOTTER.NET MAIL.YAHOO.COM MAIL.GOOGLE.COM,Other
199,8,7.869214399999999,0.17691882385496188,7.869214399999999,Actions (including ) in DRIVE.GOOGLE.COM wab MAIL.YAHOO.COM NICEONLINE.SHAREPOINT.COM,Other
200,8,7.9688192,0.17915817878552634,7.9688192,Actions (including ) in wab NICEONLINE.SHAREPOINT.COM,Other
201,8,15.039792299999998,0.32788424013320155,15.039792299999998,Copied text and other actions () in wab MAIL.YAHOO.COM,Other
202,8,22.8213975,0.5130797814361963,22.8213975,Actions (including ) in EN.WIKIPEDIA.ORG MAIL.YAHOO.COM NICEONLINE.SHAREPOINT.COM,Other
203,8,8.6807461,0.1892499432181489,8.6807461,Copied text and other actions () in wab MAIL.YAHOO.COM NICEONLINE.SHAREPOINT.COM,Other
204,8,13.3758349,0.3007208672045016,13.3758349,Actions (including ) in MAIL.YAHOO.COM NICEONLINE.SHAREPOINT.COM,Other
205,8,16.7115539,0.36888463821045414,16.7115539,Copied text and other actions () in EN.WIKIPEDIA.ORG wab MAIL.YAHOO.COM NICEONLINE.SHAREPOINT.COM,Other
206,8,12.960153199999999,0.29137534505656887,12.960153199999999,Actions (including ) in wab MAIL.YAHOO.COM NICEONLINE.SHAREPOINT.COM,Other
207,8,9.1189567,0.20501602982736428,9.1189567,Actions (including ) in Training CRM Application アプリケーショ หนึ่งปีปฏิทิน ÜüẞÜüẞ जाल में झूलती मकड़ी को देख आप (1) NICEONLINE.SHAREPOINT.COM,Other
208,8,65.6159818,1.4752047327805158,65.6159818,Actions (including ) in RTClient MAIL.YAHOO.COM,Other
209,8,12.2482244,0.26285268276446416,12.2482244,Copied text and other actions () in RTClient wab MAIL.YAHOO.COM,Copy Paste
210,8,7.765823600000001,0.17459435055894604,7.765823600000001,Actions (including ) in RTClient Training CRM Application アプリケーショ หนึ่งปีปฏิทิน ÜüẞÜüẞ जाल में झूलती मकड़ी को देख आप (1) NICEONLINE.SHAREPOINT.COM,Other
211,8,5.2344226,0.11768238135077776,5.2344226,Actions (including ) in Training CRM Application アプリケーショ หนึ่งปีปฏิทิน ÜüẞÜüẞ जाल में झूलती मकड़ी को देख आप BRITANNICA.COM MAIL.YAHOO.COM,Other
212,8,6.2609497,0.14076117396662577,6.2609497,Actions (including ) in Training CRM Application アプリケーショ หนึ่งปีปฏิทิน ÜüẞÜüẞ जाल में झूलती मकड़ी को देख आप MAIL.YAHOO.COM,Other
213,8,8.3837686,0.18848723707212253,8.3837686,Actions (including ) in SKYSCRAPERCENTER.COM Training CRM Application アプリケーショ หนึ่งปีปฏิทิน ÜüẞÜüẞ जाल में झूलती मकड़ी को देख आप MAIL.YAHOO.COM,Other
214,8,16.3215362,0.3669473013735887,16.3215362,Actions (including ) in RTClient MAIL.YAHOO.COM,Other
215,8,12.250225399999998,0.2754144644637183,12.250225399999998,Actions (including ) in SPTH.GOB.ES Training CRM Application アプリケーショ หนึ่งปีปฏิทิน ÜüẞÜüẞ जाल में झूलती मकड़ी को देख आप BUSINESSINSIDER.COM MAIL.YAHOO.COM,Other
216,8,15.454812299999999,0.3474612681813826,15.454812299999999,Actions (including ) in EN.WIKIPEDIA.ORG MAIL.YAHOO.COM,Other
217,8,21.1493259,0.47548759931528656,21.1493259,Actions (including ) in MAIL.YAHOO.COM,Other
218,8,8.682507000000001,0.19520359320143493,8.682507000000001,Actions (including ) in RTClient wab MAIL.YAHOO.COM,Other
219,9,21.198764204166668,11.43837818477992,508.7703409,Actions (including  Return) in EN.WIKIPEDIA.ORG NICE.COM घर की छत पर कोनों से लटकते ÄäÖöÄäÖö ในหนึ่งสัป ンのトレーニング NICEONLINE.SHAREPOINT.COM,Other
220,9,20.0600503,3.6079845587100805,160.4804024,Actions (including  Return) in EN.WIKIPEDIA.ORG NICE.COM घर की छत पर कोनों से लटकते ÄäÖöÄäÖö ในหนึ่งสัป ンのトレーニング NICEONLINE.SHAREPOINT.COM,Other
221,9,8.1100747,0.3646678828066708,16.2201494,Actions (including  Return) in EN.WIKIPEDIA.ORG NICEONLINE.SHAREPOINT.COM,Other
222,9,6.658750249999999,0.299409369904557,13.317500499999998,Actions (including  Return) in EN.WIKIPEDIA.ORG BUSINESSINSIDER.COM NICEONLINE.SHAREPOINT.COM,Other
223,9,23.0472819,0.5181582048141619,23.0472819,Actions (including  Return) in EN.WIKIPEDIA.ORG Training CRM Application アプリケーショ หนึ่งปีปฏิทิน ÜüẞÜüẞ जाल में झूलती मकड़ी को देख आप NICE.COM घर की छत पर कोनों से लटकते ÄäÖöÄäÖö ในหนึ่งสัป ンのトレーニング NICEONLINE.SHAREPOINT.COM,Other
224,9,58.96241669999999,1.3256166224432977,58.96241669999999,Actions (including  Return) in EN.WIKIPEDIA.ORG MAIL.GOOGLE.COM SPTH.GOB.ES NICEONLINE.SHAREPOINT.COM,Other
225,9,3.9634222,0.08910724227626149,3.9634222,Actions (including  Return) in EN.WIKIPEDIA.ORG MASTERCLASS.COM NICEONLINE.SHAREPOINT.COM,Other
226,9,7.0528267,0.15856446923302436,7.0528267,Actions (including  Return) in SPTH.GOB.ES EN.WIKIPEDIA.ORG NICEONLINE.SHAREPOINT.COM,Other
227,9,9.8487428,0.2214233726591595,9.8487428,Actions (including  Return) in EN.WIKIPEDIA.ORG NICE.COM घर की छत पर कोनों से लटकते ÄäÖöÄäÖö ในหนึ่งสัป ンのトレーニング NICEONLINE.SHAREPOINT.COM,Other
228,9,22.1212191,0.49733809075146296,22.1212191,Actions (including  Return) in ZMESCIENCE.COM NICE.COM घर की छत पर कोनों से लटकते ÄäÖöÄäÖö ในหนึ่งสัป ンのトレーニング NICEONLINE.SHAREPOINT.COM,Other
229,9,60.855474599999994,1.3681771068999604,60.855474599999994,Actions (including  Return) in NICE.COM घर की छत पर कोनों से लटकते ÄäÖöÄäÖö ในหนึ่งสัป ンのトレーニング NICEONLINE.SHAREPOINT.COM,Other
230,9,8.458898,0.19017632627585918,8.458898,Actions (including  Return) in SPTH.GOB.ES NICE.COM घर की छत पर कोनों से लटकते ÄäÖöÄäÖö ในหนึ่งสัป ンのトレーニング NICEONLINE.SHAREPOINT.COM,Other
235,10,10.683208033333335,0.7205524608359434,32.0496241,Actions (including ) in EN.WIKIPEDIA.ORG ASIANWIKI.COM GOOGLE.COM,Other
236,10,6.441342333333334,0.43445049978324757,19.324027,Actions (including ) in EN.WIKIPEDIA.ORG NICE.COM घर की छत पर कोनों से लटकते ÄäÖöÄäÖö ในหนึ่งสัป ンのトレーニング GOOGLE.COM,Other
237,10,30.115292,0.6770640333155421,30.115292,Actions (including ) in EN.WIKIPEDIA.ORG HELP.NICE-AUTOMATION.COM HEALTHYOPTIONS.COM.PH GOOGLE.COM,Other
238,10,27.451216100000007,0.617169213968855,27.451216100000007,Actions (including ) in GOOGLE.COM HELP.NICE-AUTOMATION.COM EN.WIKIPEDIA.ORG,Other
239,10,31.191129199999995,0.7012514353112755,31.191129199999995,Actions (including ) in EN.WIKIPEDIA.ORG NICE.COM घर की छत पर कोनों से लटकते ÄäÖöÄäÖö ในหนึ่งสัป ンのトレーニング GOOGLE.COM,Other
240,10,10.061805099999999,0.2262135244592976,10.061805099999999,Actions (including ) in EN.WIKIPEDIA.ORG MASHED.COM HEALTHYOPTIONS.COM.PH GOOGLE.COM,Other
241,10,11.4278286,0.2569250108534463,11.4278286,Actions (including ) in EN.WIKIPEDIA.ORG NICE.COM घर की छत पर कोनों से लटकते ÄäÖöÄäÖö ในหนึ่งสัป ンのトレーニング GOOGLE.COM,Other
242,10,26.616712600000007,0.5984075726895364,26.616712600000007,Actions (including ) in EN.WIKIPEDIA.ORG HELP.NICE-AUTOMATION.COM HEALTHYOPTIONS.COM.PH,Other
243,10,12.795451100000001,0.28767244660479435,12.795451100000001,Actions (including ) in EN.WIKIPEDIA.ORG ASIANWIKI.COM,Other
244,10,10.1293987,0.22773319079500237,10.1293987,Actions (including ) in EN.WIKIPEDIA.ORG NICE.COM घर की छत पर कोनों से लटकते ÄäÖöÄäÖö ในหนึ่งสัป ンのトレーニング,Other
245,10,5.5404988,0.12456370883297165,5.5404988,Actions (including ) in EN.WIKIPEDIA.ORG NICE.COM घर की छत पर कोनों से लटकते ÄäÖöÄäÖö ในหนึ่งสัป ンのトレーニング,Other
246,10,25.9234965,0.5828224112165785,25.9234965,Actions (including ) in EN.WIKIPEDIA.ORG HELP.NICE-AUTOMATION.COM,Other
247,10,11.134176099999998,0.25032299796101964,11.134176099999998,Actions (including ) in EN.WIKIPEDIA.ORG NICE.COM घर की छत पर कोनों से लटकते ÄäÖöÄäÖö ในหนึ่งสัป ンのトレーニング,Other
248,10,29.2975735,0.658679759116018,29.2975735,Actions (including ) in EN.WIKIPEDIA.ORG NICE.COM घर की छत पर कोनों से लटकते ÄäÖöÄäÖö ในหนึ่งสัป ンのトレーニング GOOGLE.COM RTClient,Other
249,10,5.1937538000000005,0.11676804913184716,5.1937538000000005,Actions (including ) in GOOGLE.COM NICE.COM घर की छत पर कोनों से लटकते ÄäÖöÄäÖö ในหนึ่งสัป ンのトレーニング EN.WIKIPEDIA.ORG,Other
250,10,35.306674,0.7937787586916636,35.306674,Actions (including ) in EN.WIKIPEDIA.ORG HELP.NICE-AUTOMATION.COM HEALTHYOPTIONS.COM.PH GOOGLE.COM,Other
251,10,13.808000299999998,0.31043698248518437,13.808000299999998,Actions (including ) in EN.WIKIPEDIA.ORG HEALTHYOPTIONS.COM.PH,Other
252,10,8.2507169,0.18549591556537806,8.2507169,Actions (including ) in EN.WIKIPEDIA.ORG NICE.COM घर की छत पर कोनों से लटकते ÄäÖöÄäÖö ในหนึ่งสัป ンのトレーニング GOOGLE.COM,Other
253,11,37.568743738461535,21.960523385135378,976.7873371999999,Actions (including ) in SPTH.GOB.ES NICE.COM घर की छत पर कोनों से लटकते ÄäÖöÄäÖö ในหนึ่งสัป ンのトレーニング NICEONLINE.SHAREPOINT.COM,Other
254,11,9.812788877777777,1.9855353798647883,88.31509989999999,Actions (including ) in SPTH.GOB.ES NICE.COM घर की छत पर कोनों से लटकते ÄäÖöÄäÖö ในหนึ่งสัป ンのトレーニング NICEONLINE.SHAREPOINT.COM,Other
255,11,36.393923650000005,1.6364454799008354,72.78784730000001,Actions (including ) in SPTH.GOB.ES NICE.COM घर की छत पर कोनों से लटकते ÄäÖöÄäÖö ในหนึ่งสัป ンのトレーニング NICEONLINE.SHAREPOINT.COM,Other
256,11,19.2240835,0.43220353006388784,19.2240835,Actions (including ) in NICE.COM घर की छत पर कोनों से लटकते ÄäÖöÄäÖö ในหนึ่งสัป ンのトレーニング NICEONLINE.SHAREPOINT.COM,Other
257,11,2.8947084,0.06507999140690315,2.8947084,Actions (including ) in DISNEY.FANDOM.COM NICE.COM घर की छत पर कोनों से लटकते ÄäÖöÄäÖö ในหนึ่งสัป ンのトレーニング NICEONLINE.SHAREPOINT.COM,Other
258,11,3.680214,0.08274004231153807,3.680214,Actions (including ) in NICE.COM घर की छत पर कोनों से लटकते ÄäÖöÄäÖö ในหนึ่งสัป ンのトレーニング NICEONLINE.SHAREPOINT.COM,Other
259,11,19.487424400000002,0.43812406544806903,19.487424400000002,Actions (including ) in RTClient SPTH.GOB.ES NICE.COM घर की छत पर कोनों से लटकते ÄäÖöÄäÖö ในหนึ่งสัป ンのトレーニング,Other
260,11,40.223922699999996,0.9043303096325477,40.223922699999996,Actions (including ) in EN.WIKIPEDIA.ORG NICE.COM घर की छत पर कोनों से लटकते ÄäÖöÄäÖö ในหนึ่งสัป ンのトレーニング NICEONLINE.SHAREPOINT.COM,Other
261,11,34.06696529999999,0.765907132125387,34.06696529999999,Actions (including ) in EN.WIKIPEDIA.ORG NICE.COM घर की छत पर कोनों से लटकते ÄäÖöÄäÖö ในหนึ่งสัป ンのトレーニング NICEONLINE.SHAREPOINT.COM,Other
270,12,7.019537552941176,2.6828728384660017,119.33213839999999,Actions (including ) in GOOGLE.COM EN.WIKIPEDIA.ORG,Other
271,12,17.14923140909091,4.241114635285865,188.6415455,Actions (including ) in GOOGLE.COM MAIL.GOOGLE.COM,Other
272,12,26.458337000000004,0.5948469091397766,26.458337000000004,Actions (including  Return) in GOOGLE.COM wab EN.WIKIPEDIA.ORG WIKIPEDIA.ORG,Other
273,12,8.5236531,0.19163217631987509,8.5236531,Actions (including ) in GOOGLE.COM EN.WIKIPEDIA.ORG,Other
274,12,26.345684100000003,0.5923142016090414,26.345684100000003,Actions (including  Return) in GOOGLE.COM WIKIPEDIA.ORG,Other
275,12,16.6200866,0.3736594308117482,16.6200866,Actions (including  Return) in GOOGLE.COM KNORR.COM WIKIPEDIA.ORG,Other
276,12,21.3682206,0.4804088774637234,21.3682206,Actions (including ) in GOOGLE.COM EDITION.CNN.COM,Other
277,12,23.982431400000003,0.5391826096986642,23.982431400000003,Actions (including ) in GOOGLE.COM wab EN.WIKIPEDIA.ORG,Other
278,12,29.41251700000001,0.6612639648316195,29.41251700000001,Actions (including ) in HELP.NICE-AUTOMATION.COM GOOGLE.COM wab EN.WIKIPEDIA.ORG EDITION.CNN.COM,Other
282,13,10.182485642307693,5.952094528989442,264.7446267,Actions (including ) in Training CRM Application アプリケーショ หนึ่งปีปฏิทิน ÜüẞÜüẞ जाल में झूलती मकड़ी को देख आप,Other
283,13,14.224096399999999,1.9187509280374397,85.34457839999999,Actions (including ) in Training CRM Application アプリケーショ หนึ่งปีปฏิทิน ÜüẞÜüẞ जाल में झूलती मकड़ी को देख आप NICEONLINE.SHAREPOINT.COM,Other
284,13,11.63453824,1.3078616980599604,58.172691199999996,Actions (including ) in HELP.NICE-AUTOMATION.COM Training CRM Application アプリケーショ หนึ่งปีปฏิทิน ÜüẞÜüẞ जाल में झूलती मकड़ी को देख आप,Other
285,13,7.2985178333333325,0.4922645865225624,21.8955535,Actions (including ) in HELP.NICE-AUTOMATION.COM Training CRM Application アプリケーショ หนึ่งปีปฏิทิน ÜüẞÜüẞ जाल में झूलती मकड़ी को देख आप NICEONLINE.SHAREPOINT.COM,Other
286,13,6.1729359,0.13878241253155724,6.1729359,Actions (including ) in EN.WIKIPEDIA.ORG Training CRM Application アプリケーショ หนึ่งปีปฏิทิน ÜüẞÜüẞ जाल में झूलती मकड़ी को देख आप NICEONLINE.SHAREPOINT.COM,Other
287,13,10.025587600000001,0.21856898729345142,10.025587600000001,Copied text and other actions () in Training CRM Application アプリケーショ หนึ่งปีปฏิทิน ÜüẞÜüẞ जाल में झूलती मकड़ी को देख आप,Other
288,13,30.420513600000003,0.6839261473389101,30.420513600000003,Actions (including ) in PASTEMAGAZINE.COM HELP.NICE-AUTOMATION.COM Training CRM Application アプリケーショ หนึ่งปีปฏิทิน ÜüẞÜüẞ जाल में झूलती मकड़ी को देख आप NICEONLINE.SHAREPOINT.COM,Other
289,13,13.9037091,0.312588745986325,13.9037091,Actions (including ) in HELP.NICE-AUTOMATION.COM Training CRM Application アプリケーショ หนึ่งปีปฏิทิน ÜüẞÜüẞ जाल में झूलती मकड़ी को देख आप NICEONLINE.SHAREPOINT.COM,Other
290,13,13.0793863,0.29405599127413556,13.0793863,Actions (including ) in RTClient Training CRM Application アプリケーショ หนึ่งปีปฏิทิน ÜüẞÜüẞ जाल में झूलती मकड़ी को देख आप,Other
291,13,5.6446488,0.1269052507668773,5.6446488,Actions (including ) in wab PASTEMAGAZINE.COM Training CRM Application アプリケーショ หนึ่งปีปฏิทิน ÜüẞÜüẞ जाल में झूलती मकड़ी को देख आप,Other
292,13,6.3761768,0.14335175569079606,6.3761768,Actions (including ) in EN.WIKIPEDIA.ORG Training CRM Application アプリケーショ หนึ่งปีปฏิทิน ÜüẞÜüẞ जाल में झूलती मकड़ी को देख आप NICEONLINE.SHAREPOINT.COM,Other
293,13,15.7840958,0.3548643514592821,15.7840958,Actions (including ) in HELP.NICE-AUTOMATION.COM Training CRM Application アプリケーショ หนึ่งปีปฏิทิน ÜüẞÜüẞ जाल में झूलती मकड़ी को देख आप NICEONLINE.SHAREPOINT.COM,Other
294,13,6.5873243,0.148098858191894,6.5873243,Actions (including ) in EN.WIKIPEDIA.ORG PASTEMAGAZINE.COM Training CRM Application アプリケーショ หนึ่งปีปฏิทิน ÜüẞÜüẞ जाल में झूलती मकड़ी को देख आप,Other
295,13,8.0970578,0.18204129025403668,8.0970578,Actions (including ) in PASTEMAGAZINE.COM Training CRM Application アプリケーショ หนึ่งปีปฏิทิน ÜüẞÜüẞ जाल में झूलती मकड़ी को देख आप NICEONLINE.SHAREPOINT.COM,Other
296,13,22.9303992,0.5038138012010351,22.9303992,Copied text and other actions () in Training CRM Application アプリケーショ หนึ่งปีปฏิทิน ÜüẞÜüẞ जाल में झूलती मकड़ी को देख आप NICEONLINE.SHAREPOINT.COM,Other
297,13,19.800755000000002,0.44516848925100533,19.800755000000002,Actions (including ) in PASTEMAGAZINE.COM HELP.NICE-AUTOMATION.COM Training CRM Application アプリケーショ หนึ่งปีปฏิทิน ÜüẞÜüẞ जाल में झूलती मकड़ी को देख आप,Other
298,13,5.5632246,0.12507463935319782,5.5632246,Actions (including ) in RTClient Training CRM Application アプリケーショ หนึ่งปีปฏิทิน ÜüẞÜüẞ जाल में झूलती मकड़ी को देख आप EN.WIKIPEDIA.ORG,Other
299,13,7.2012591,0.16190158578559524,7.2012591,Actions (including ) in Training CRM Application アプリケーショ หนึ่งปีปฏิทิน ÜüẞÜüẞ जाल में झूलती मकड़ी को देख आप NICEONLINE.SHAREPOINT.COM,Other
300,13,14.1078851,0.3171791124375696,14.1078851,Actions (including ) in PASTEMAGAZINE.COM Training CRM Application アプリケーショ หนึ่งปีปฏิทิน ÜüẞÜüẞ जाल में झूलती मकड़ी को देख आप NICEONLINE.SHAREPOINT.COM,Other
301,13,23.2623204,0.5229927863326849,23.2623204,Actions (including ) in PASTEMAGAZINE.COM Training CRM Application アプリケーショ หนึ่งปีปฏิทิน ÜüẞÜüẞ जाल में झूलती मकड़ी को देख आप,Other
302,13,17.4475056,0.39226179553004187,17.4475056,Actions (including ) in Training CRM Application アプリケーショ หนึ่งปีปฏิทิน ÜüẞÜüẞ जाल में झूलती मकड़ी को देख आप NICEONLINE.SHAREPOINT.COM,Other
303,13,35.8277762,0.8054943866623834,35.8277762,Actions (including ) in RTClient Training CRM Application アプリケーショ หนึ่งปีปฏิทิน ÜüẞÜüẞ जाल में झूलती मकड़ी को देख आप NICEONLINE.SHAREPOINT.COM,Other
304,13,8.587876,0.19307606123074428,8.587876,Actions (including ) in MAIL.GOOGLE.COM Training CRM Application アプリケーショ หนึ่งปีปฏิทิน ÜüẞÜüẞ जाल में झूलती मकड़ी को देख आप NICEONLINE.SHAREPOINT.COM,Other
305,13,5.7468053,0.12920197403688244,5.7468053,Actions (including ) in EN.WIKIPEDIA.ORG Training CRM Application アプリケーショ หนึ่งปีปฏิทิน ÜüẞÜüẞ जाल में झूलती मकड़ी को देख आप NICEONLINE.SHAREPOINT.COM,Other
352,14,15.029970257142859,4.7307371936089115,210.4195836,Actions (including ) in EN.WIKIPEDIA.ORG EDITION.CNN.COM,Other
353,14,16.364727133333336,2.207510023214045,98.18836280000001,Actions (including ) in EN.WIKIPEDIA.ORG EDITION.CNN.COM,Other
354,14,13.837382550000001,0.6221951319504457,27.674765100000002,Actions (including ) in EN.WIKIPEDIA.ORG EDITION.CNN.COM NICEONLINE.SHAREPOINT.COM,Other
355,14,39.51229630000001,0.888331240435483,39.51229630000001,Actions (including ) in EN.WIKIPEDIA.ORG EDITION.CNN.COM,Other
356,14,52.7161087,1.185184629029084,52.7161087,Actions (including ) in EN.WIKIPEDIA.ORG NICEONLINE.SHAREPOINT.COM EDITION.CNN.COM,Other
357,14,17.1307617,0.38514063255204073,17.1307617,Actions (including ) in EN.WIKIPEDIA.ORG GOOGLE.COM EDITION.CNN.COM,Other
358,14,17.5355125,0.3942404018365522,17.5355125,Actions (including ) in DRIVE.GOOGLE.COM EN.WIKIPEDIA.ORG EDITION.CNN.COM,Other
359,14,17.8739383,0.40184902595768096,17.8739383,Actions (including ) in EN.WIKIPEDIA.ORG EDITION.CNN.COM GOOGLE.COM NICEONLINE.SHAREPOINT.COM,Other
360,14,80.85359890000001,1.8177829316518357,80.85359890000001,Actions (including ) in EN.WIKIPEDIA.ORG RTClient GOOGLE.COM EDITION.CNN.COM,Other
371,15,8.52141126,2.8737266156523114,127.8211689,Actions (including  Return) in GOOGLE.COM WIKIPEDIA.ORG,Other
372,15,8.466592683333333,1.142095927335028,50.7995561,Actions (including ) in GOOGLE.COM,Other
373,15,8.687780199999999,0.3906442947835875,17.375560399999998,Actions (including ) in EN.WIKIPEDIA.ORG GOOGLE.COM,Other
374,15,56.7326526,1.2754861746001156,56.7326526,Actions (including ) in GOOGLE.COM RTClient,Other
375,15,42.2357121,0.9495601631350625,42.2357121,Actions (including ) in GOOGLE.COM RTClient,Other
376,15,61.57104040000001,1.3842647432625985,61.57104040000001,Actions (including ) in GOOGLE.COM NICEONLINE.SHAREPOINT.COM RTClient MAIL.GOOGLE.COM,Other
377,15,79.58595640000001,1.7892832862274384,79.58595640000001,Actions (including ) in GOOGLE.COM RTClient EN.WIKIPEDIA.ORG EDITION.CNN.COM,Other
378,15,22.1001974,0.4968654724886498,22.1001974,Actions (including ) in GOOGLE.COM EDITION.CNN.COM,Other
379,15,23.769496800000002,0.5343953289009741,23.769496800000002,Actions (including ) in GOOGLE.COM MAIL.GOOGLE.COM,Other
380,16,4.592991117647059,1.7554448599947767,78.080849,Actions (including ) in EN.WIKIPEDIA.ORG,Other
381,16,9.08113318,3.0624849949618924,136.2169977,Actions (including ) in EN.WIKIPEDIA.ORG,Other
382,16,8.673968766666668,0.5850348996794424,26.021906300000005,Actions (including ) in RTClient EN.WIKIPEDIA.ORG,Other
383,16,9.0898337,0.40872254979892186,18.1796674,Actions (including ) in EN.WIKIPEDIA.ORG,Other
384,16,8.520010599999999,0.19155028417878764,8.520010599999999,Actions (including ) in EN.WIKIPEDIA.ORG,Other
385,16,3.1094868000000004,0.06990872525325136,3.1094868000000004,Actions (including ) in wab EN.WIKIPEDIA.ORG,Other
386,16,1.7841076,0.04011102025923945,1.7841076,Actions (including ) in EN.WIKIPEDIA.ORG,Other
387,16,5.505112,0.12376812864951764,5.505112,Actions (including ) in EN.WIKIPEDIA.ORG,Other
388,16,11.3696133,0.2556161912073119,11.3696133,Actions (including ) in GOOGLE.COM EN.WIKIPEDIA.ORG,Other
389,16,11.3337285,0.25480941478878266,11.3337285,Actions (including ) in EN.WIKIPEDIA.ORG EDITION.CNN.COM,Other
394,17,7.9652214937500005,5.7304733988938485,254.88708780000002,Actions (including ) in EN.WIKIPEDIA.ORG ASIANWIKI.COM,Other
395,17,19.06430636,2.1430567826579168,95.3215318,Actions (including ) in EN.WIKIPEDIA.ORG ASIANWIKI.COM,Other
396,17,35.6034059,0.8004500038858786,35.6034059,Actions (including ) in EN.WIKIPEDIA.ORG ASIANWIKI.COM MASHED.COM,Other
397,17,43.2571375,0.9725242572921087,43.2571375,Actions (including ) in EN.WIKIPEDIA.ORG ASIANWIKI.COM NICE.COM घर की छत पर कोनों से लटकते ÄäÖöÄäÖö ในหนึ่งสัป ンのトレーニング,Other
407,18,5.7127999562500005,2.0549992368812378,91.40479930000001,Actions (including  Return) in EN.WIKIPEDIA.ORG BRITANNICA.COM LOGIN.YAHOO.COM,Other
408,18,18.556735269230767,5.423599224779358,241.23755849999998,Actions (including  Return) in EN.WIKIPEDIA.ORG HELP.NICE-AUTOMATION.COM BRITANNICA.COM LOGIN.YAHOO.COM,Other
409,18,5.9847855333333335,0.8073140446509051,35.9087132,Actions (including  Return) in EN.WIKIPEDIA.ORG HELP.NICE-AUTOMATION.COM BRITANNICA.COM LOGIN.YAHOO.COM,Other
410,18,12.3162272,1.661390059893011,73.8973632,Actions (including  Return) in EN.WIKIPEDIA.ORG HELP.NICE-AUTOMATION.COM BRITANNICA.COM LOGIN.YAHOO.COM,Other
411,18,7.510236316666667,1.013088810505014,45.0614179,Actions (including  Return) in EN.WIKIPEDIA.ORG HELP.NICE-AUTOMATION.COM BRITANNICA.COM LOGIN.YAHOO.COM,Other
412,18,19.04397626666667,1.2844628617389593,57.13192880000001,Actions (including  Return) in EN.WIKIPEDIA.ORG HELP.NICE-AUTOMATION.COM BRITANNICA.COM LOGIN.YAHOO.COM,Other
413,18,8.302366199999998,0.37331423154951504,16.604732399999996,Actions (including  Return) in HELP.NICE-AUTOMATION.COM NICE.COM घर की छत पर कोनों से लटकते ÄäÖöÄäÖö ในหนึ่งสัป ンのトレーニング EN.WIKIPEDIA.ORG LOGIN.YAHOO.COM BRITANNICA.COM,Other
414,18,22.1971179,0.9980889558271336,44.3942358,Actions (including  Return) in HELP.NICE-AUTOMATION.COM EN.WIKIPEDIA.ORG LOGIN.YAHOO.COM RTClient BRITANNICA.COM,Other
415,18,11.050149,0.24843386710903229,11.050149,Actions (including  Return) in EN.WIKIPEDIA.ORG HELP.NICE-AUTOMATION.COM RTClient LOGIN.YAHOO.COM,Other
416,18,29.994650399999998,0.6743517206379283,29.994650399999998,Actions (including  Return) in HELP.NICE-AUTOMATION.COM EN.WIKIPEDIA.ORG LOGIN.YAHOO.COM RTClient BRITANNICA.COM,Other
417,18,11.330782200000003,0.25474317489440096,11.330782200000003,Actions (including  Return) in HELP.NICE-AUTOMATION.COM EN.WIKIPEDIA.ORG LOGIN.YAHOO.COM RTClient BRITANNICA.COM,Other
418,18,16.5168671,0.3713388087508093,16.5168671,Actions (including  Return) in EN.WIKIPEDIA.ORG HELP.NICE-AUTOMATION.COM BRITANNICA.COM LOGIN.YAHOO.COM,Other
419,18,8.1133197,0.18240689679052235,8.1133197,Actions (including  Return) in HELP.NICE-AUTOMATION.COM NICE.COM घर की छत पर कोनों से लटकते ÄäÖöÄäÖö ในหนึ่งสัป ンのトレーニング EN.WIKIPEDIA.ORG LOGIN.YAHOO.COM RTClient BRITANNICA.COM,Other
420,18,6.937514500000002,0.15597197425663537,6.937514500000002,Actions (including  Return) in EN.WIKIPEDIA.ORG HELP.NICE-AUTOMATION.COM BRITANNICA.COM LOGIN.YAHOO.COM,Other
421,18,13.7642971,0.30945442967245407,13.7642971,Actions (including ) in EN.WIKIPEDIA.ORG BRITANNICA.COM,Other
422,18,17.609237800000002,0.3958979235028007,17.609237800000002,Actions (including  Return) in EN.WIKIPEDIA.ORG BRITANNICA.COM LOGIN.YAHOO.COM,Other
423,18,7.943789600000001,0.17859545331275742,7.943789600000001,Actions (including  Return) in EN.WIKIPEDIA.ORG HELP.NICE-AUTOMATION.COM BRITANNICA.COM LOGIN.YAHOO.COM,Other
424,18,25.510172699999995,0.573529900319015,25.510172699999995,Actions (including  Return) in EN.WIKIPEDIA.ORG HELP.NICE-AUTOMATION.COM BRITANNICA.COM LOGIN.YAHOO.COM,Other
425,18,11.7104246,0.2632784470930431,11.7104246,Actions (including  Return) in EN.WIKIPEDIA.ORG HELP.NICE-AUTOMATION.COM LOGIN.YAHOO.COM,Other
426,18,16.9838771,0.38183831425780207,16.9838771,Actions (including  Return) in EN.WIKIPEDIA.ORG BRITANNICA.COM LOGIN.YAHOO.COM,Other
427,18,20.5600938,0.46224024769787614,20.5600938,Actions (including  Return) in HELP.NICE-AUTOMATION.COM EN.WIKIPEDIA.ORG LOGIN.YAHOO.COM RTClient BRITANNICA.COM,Other
500,19,9.310447350000002,2.511854390027366,111.72536820000002,Actions (including ) in HELP.NICE-AUTOMATION.COM NICE.COM घर की छत पर कोनों से लटकते ÄäÖöÄäÖö ในหนึ่งสัป ンのトレーニング NICEONLINE.SHAREPOINT.COM,Other
501,19,11.7710777,1.0585682973331467,47.0843108,Actions (including ) in HELP.NICE-AUTOMATION.COM NICE.COM घर की छत पर कोनों से लटकते ÄäÖöÄäÖö ในหนึ่งสัป ンのトレーニング NICEONLINE.SHAREPOINT.COM,Other
502,19,25.568445200000003,0.5748400059584152,25.568445200000003,Actions (including ) in EN.WIKIPEDIA.ORG HELP.NICE-AUTOMATION.COM NICE.COM घर की छत पर कोनों से लटकते ÄäÖöÄäÖö ในหนึ่งสัป ンのトレーニング NICEONLINE.SHAREPOINT.COM,Other
503,19,16.327190299999998,0.3670744191100121,16.327190299999998,Actions (including ) in HELP.NICE-AUTOMATION.COM NICE.COM घर की छत पर कोनों से लटकते ÄäÖöÄäÖö ในหนึ่งสัป ンのトレーニング NICEONLINE.SHAREPOINT.COM,Other
504,19,8.3958742,0.18875940001052954,8.3958742,Actions (including ) in SPTH.GOB.ES MASHED.COM HELP.NICE-AUTOMATION.COM NICE.COM घर की छत पर कोनों से लटकते ÄäÖöÄäÖö ในหนึ่งสัป ンのトレーニング,Other
505,19,9.7641709,0.21952199339578862,9.7641709,Actions (including ) in HELP.NICE-AUTOMATION.COM NICE.COM घर की छत पर कोनों से लटकते ÄäÖöÄäÖö ในหนึ่งสัป ンのトレーニング,Other
506,19,19.3392177,0.4347920231731215,19.3392177,Actions (including ) in HELP.NICE-AUTOMATION.COM MAIL.YAHOO.COM NICE.COM घर की छत पर कोनों से लटकते ÄäÖöÄäÖö ในหนึ่งสัป ンのトレーニング,Other
507,19,33.714512,0.7579831361417727,33.714512,Actions (including  Return) in NICE.COM घर की छत पर कोनों से लटकते ÄäÖöÄäÖö ในหนึ่งสัป ンのトレーニング NICEONLINE.SHAREPOINT.COM EN.WIKIPEDIA.ORG LOGIN.YAHOO.COM MAIL.YAHOO.COM RTClient,Other
508,19,19.347053,0.4349681795198784,19.347053,Actions (including ) in EN.WIKIPEDIA.ORG MASHED.COM HELP.NICE-AUTOMATION.COM NICEONLINE.SHAREPOINT.COM,Other
509,19,27.679259400000003,0.6222961745996397,27.679259400000003,Actions (including ) in SPTH.GOB.ES ASIANWIKI.COM HELP.NICE-AUTOMATION.COM NICE.COM घर की छत पर कोनों से लटकते ÄäÖöÄäÖö ในหนึ่งสัป ンのトレーニング,Other
510,19,11.304356900000002,0.2541490707363016,11.304356900000002,Actions (including ) in EN.WIKIPEDIA.ORG ASIANWIKI.COM HELP.NICE-AUTOMATION.COM NICE.COM घर की छत पर कोनों से लटकते ÄäÖöÄäÖö ในหนึ่งสัป ンのトレーニング,Other
511,19,9.612451700000001,0.21611098169172127,9.612451700000001,Actions (including ) in SPTH.GOB.ES HELP.NICE-AUTOMATION.COM MAIL.YAHOO.COM NICE.COM घर की छत पर कोनों से लटकते ÄäÖöÄäÖö ในหนึ่งสัป ンのトレーニング,Other
512,19,10.3921492,0.23364045257037136,10.3921492,Actions (including ) in EN.WIKIPEDIA.ORG MASHED.COM HELP.NICE-AUTOMATION.COM MAIL.YAHOO.COM,Other
513,19,19.4492053,0.4372648083638045,19.4492053,Actions (including ) in HELP.NICE-AUTOMATION.COM NICE.COM घर की छत पर कोनों से लटकते ÄäÖöÄäÖö ในหนึ่งสัป ンのトレーニング EN.WIKIPEDIA.ORG SPTH.GOB.ES MAIL.GOOGLE.COM,Other
514,19,31.2656229,0.7029262324534916,31.2656229,Actions (including ) in HELP.NICE-AUTOMATION.COM NICE.COM घर की छत पर कोनों से लटकते ÄäÖöÄäÖö ในหนึ่งสัป ンのトレーニング,Other
515,19,5.9589317,0.13397108455909507,5.9589317,Actions (including ) in EN.WIKIPEDIA.ORG HELP.NICE-AUTOMATION.COM NICEONLINE.SHAREPOINT.COM,Other
516,19,11.599348800000001,0.26078119655495263,11.599348800000001,Actions (including ) in NICE.COM घर की छत पर कोनों से लटकते ÄäÖöÄäÖö ในหนึ่งสัป ンのトレーニング NICEONLINE.SHAREPOINT.COM,Other
517,19,48.2463934,1.0846947028882319,48.2463934,Actions (including ) in HELP.NICE-AUTOMATION.COM NICE.COM घर की छत पर कोनों से लटकते ÄäÖöÄäÖö ในหนึ่งสัป ンのトレーニング NICEONLINE.SHAREPOINT.COM EN.WIKIPEDIA.ORG MAIL.YAHOO.COM RTClient,Other
518,19,6.4433276,0.14486146681989176,6.4433276,Actions (including ) in MASHED.COM NICEONLINE.SHAREPOINT.COM,Other
519,19,64.6982352,1.454571586850613,64.6982352,Actions (including ) in HELP.NICE-AUTOMATION.COM NICEONLINE.SHAREPOINT.COM RTClient EN.WIKIPEDIA.ORG SPTH.GOB.ES MAIL.GOOGLE.COM,Other
520,19,28.204315,0.6341006844895292,28.204315,Actions (including ) in EN.WIKIPEDIA.ORG HELP.NICE-AUTOMATION.COM MAIL.YAHOO.COM NICEONLINE.SHAREPOINT.COM,Other
523,20,16.14421335,2.8156948028134883,129.1537068,Copied text and other actions (Return) in HELP.NICE-AUTOMATION.COM NICEONLINE.SHAREPOINT.COM WIKIPEDIA.ORG,Other
524,20,24.92585995,1.1207862949896243,49.8517199,Actions (including  Return) in NICE.COM घर की छत पर कोनों से लटकते ÄäÖöÄäÖö ในหนึ่งสัป ンのトレーニング NICEONLINE.SHAREPOINT.COM,Other
525,20,8.296670599999999,0.3617533382181712,16.593341199999998,Copied text and other actions (Return) in HELP.NICE-AUTOMATION.COM NICEONLINE.SHAREPOINT.COM,Other
526,20,53.0127887,1.191854707386752,53.0127887,Actions (including  Return) in MAIL.YAHOO.COM KNORR.COM NICEONLINE.SHAREPOINT.COM,Other
527,20,12.6936186,0.28538300763230806,12.6936186,Actions (including  Return) in EN.WIKIPEDIA.ORG NICEONLINE.SHAREPOINT.COM,Other
528,20,18.6577594,0.419471205259938,18.6577594,Actions (including  Return) in MAIL.GOOGLE.COM NICEONLINE.SHAREPOINT.COM,Other
529,20,12.883983200000001,0.289662860667653,12.883983200000001,Actions (including  Return) in RTClient NICEONLINE.SHAREPOINT.COM,Other
530,20,11.9592571,0.26887279882869913,11.9592571,Actions (including  Return) in EN.WIKIPEDIA.ORG NICEONLINE.SHAREPOINT.COM,Other
531,20,17.528346,0.3940792817187477,17.528346,Actions (including  Return) in GOOGLE.COM NICEONLINE.SHAREPOINT.COM,Other
532,20,17.8401468,0.4010893119465473,17.8401468,Actions (including  Return) in PANLASANGPINOY.COM NICEONLINE.SHAREPOINT.COM,Other
533,20,12.8305563,0.2797204322370704,12.8305563,Copied text and other actions ( Return) in GOOGLE.COM HELP.NICE-AUTOMATION.COM NICEONLINE.SHAREPOINT.COM,Other
534,20,17.7828734,0.38768646639780546,17.7828734,Copied text and other actions ( Return) in EN.WIKIPEDIA.ORG HELP.NICE-AUTOMATION.COM NICEONLINE.SHAREPOINT.COM,Other
535,20,10.951054800000001,0.23874520406475633,10.951054800000001,Copied text and other actions ( Return) in wab HELP.NICE-AUTOMATION.COM NICEONLINE.SHAREPOINT.COM,Other
546,21,12.503348805882352,4.778789863032048,212.55692969999998,Actions (including  Return) in RTClient rti_nativehost GOOGLE.COM,Other
547,21,3.8678504,1.043502706366639,46.4142048,Actions (including  Return) in EN.WIKIPEDIA.ORG GOOGLE.COM,Other
548,21,7.45186018,1.6753569944380022,74.5186018,Actions (including  Return) in GOOGLE.COM rti_nativehost EN.WIKIPEDIA.ORG,Other
549,21,16.1973829,3.6415603725277483,161.973829,Actions (including  Return) in RTClient rti_nativehost GOOGLE.COM,Other
550,21,9.480430444444444,1.9182854434400674,85.323874,Actions (including  Return) in EN.WIKIPEDIA.ORG rti_nativehost GOOGLE.COM,Other
551,21,13.729239675,1.2346650185176704,54.9169587,Actions (including  Return) in GOOGLE.COM rti_nativehost EN.WIKIPEDIA.ORG,Other
552,21,15.298546575,1.3757921587391775,61.1941863,Actions (including  Return) in GOOGLE.COM rti_nativehost NICE.COM घर की छत पर कोनों से लटकते ÄäÖöÄäÖö ในหนึ่งสัป ンのトレーニング EN.WIKIPEDIA.ORG,Other
553,21,16.5484306,0.3720484319753013,16.5484306,Actions (including  Return) in GOOGLE.COM rti_nativehost THEWAYCROFT.COM EN.WIKIPEDIA.ORG,Other
554,21,36.2319454,0.8145810801832006,36.2319454,Actions (including  Return) in NICE.COM घर की छत पर कोनों से लटकते ÄäÖöÄäÖö ในหนึ่งสัป ンのトレーニング NICEONLINE.SHAREPOINT.COM EN.WIKIPEDIA.ORG GOOGLE.COM RTClient,Other
555,21,6.929404000000001,0.15578963075346738,6.929404000000001,Actions (including  Return) in HISTORY.COM GOOGLE.COM rti_nativehost EN.WIKIPEDIA.ORG SPTH.GOB.ES,Other
556,21,13.891980700000001,0.3123250634091035,13.891980700000001,Actions (including  Return) in EN.WIKIPEDIA.ORG GOOGLE.COM NICEONLINE.SHAREPOINT.COM,Other
557,21,10.174968799999998,0.22875771599982495,10.174968799999998,Actions (including  Return) in GOOGLE.COM rti_nativehost EN.WIKIPEDIA.ORG,Other
558,21,16.8967222,0.3798788629558783,16.8967222,Actions (including  Return) in GOOGLE.COM rti_nativehost Training CRM Application アプリケーショ หนึ่งปีปฏิทิน ÜüẞÜüẞ जाल में झूलती मकड़ी को देख आप EN.WIKIPEDIA.ORG,Other
559,21,37.02435440000001,0.8323963360862662,37.02435440000001,Actions (including  Return) in NICE.COM घर की छत पर कोनों से लटकते ÄäÖöÄäÖö ในหนึ่งสัป ンのトレーニング wab rti_nativehost EN.WIKIPEDIA.ORG GOOGLE.COM RTClient,Other
560,21,8.6219503,0.19384213326452715,8.6219503,Actions (including  Return) in EN.WIKIPEDIA.ORG rti_nativehost GOOGLE.COM,Other
561,21,10.3450244,0.2325809739786583,10.3450244,Actions (including  Return) in GOOGLE.COM rti_nativehost EN.WIKIPEDIA.ORG RTClient,Other
562,21,19.844363899999998,0.4461489219734392,19.844363899999998,Actions (including  Return) in EN.WIKIPEDIA.ORG rti_nativehost GOOGLE.COM,Other
563,21,14.497991799999998,0.32594964721190994,14.497991799999998,Actions (including  Return) in EN.WIKIPEDIA.ORG GOOGLE.COM,Other
569,22,11.744055383636361,14.521900129805372,645.9230460999999,Actions (including  Return) in EN.WIKIPEDIA.ORG LOGIN.YAHOO.COM,Other
570,22,7.1714902,0.16123230947569372,7.1714902,Actions (including  Return) in EN.WIKIPEDIA.ORG PLANETWARE.COM NICEONLINE.SHAREPOINT.COM,Other
575,23,11.453603576923078,3.34755842444613,148.8968465,Actions (including ) in EN.WIKIPEDIA.ORG,Other
576,23,20.70753376666666,1.396665155902567,62.122601299999985,Actions (including ) in EN.WIKIPEDIA.ORG NICE.COM घर की छत पर कोनों से लटकते ÄäÖöÄäÖö ในหนึ่งสัป ンのトレーニング,Other
577,23,19.8964046,1.3419567653822424,59.689213800000005,Actions (including ) in EN.WIKIPEDIA.ORG NICE.COM घर की छत पर कोनों से लटकते ÄäÖöÄäÖö ในหนึ่งสัป ンのトレーニング,Other
578,23,24.399005450000004,1.0970963880320268,48.79801090000001,Actions (including ) in EN.WIKIPEDIA.ORG ZMESCIENCE.COM NICE.COM घर की छत पर कोनों से लटकते ÄäÖöÄäÖö ในหนึ่งสัป ンのトレーニング,Other
579,23,19.3815563,0.43574389650315376,19.3815563,Actions (including ) in EN.WIKIPEDIA.ORG NICE.COM घर की छत पर कोनों से लटकते ÄäÖöÄäÖö ในหนึ่งสัป ンのトレーニング,Other
580,23,5.383569,0.12103555033676974,5.383569,Actions (including ) in EN.WIKIPEDIA.ORG NICE.COM घर की छत पर कोनों से लटकते ÄäÖöÄäÖö ในหนึ่งสัป ンのトレーニング,Other
